{
  "timestamp": "20250721_110625",
  "best_parameters": {
    "fast_ma_period": 5,
    "slow_ma_period": 18,
    "rsi_period": 7,
    "rsi_oversold": 20,
    "rsi_overbought": 75,
    "take_profit_pct": 0.015,
    "stop_loss_pct": 0.01,
    "volume_threshold": 1.4,
    "min_score": 65
  },
  "test_results_summary": {
    "total_return": 0.012143341310232359,
    "max_drawdown": -0.24263903431499478,
    "sharpe_ratio": 0.052255270875494114,
    "total_trades": 172,
    "win_rate": 0.5174418604651163
  }
}