{
  "timestamp": "20250721_105957",
  "best_parameters": {
    "fast_ma_period": 9,
    "slow_ma_period": 12,
    "rsi_period": 7,
    "rsi_oversold": 25,
    "rsi_overbought": 80,
    "take_profit_pct": 0.015,
    "stop_loss_pct": 0.01,
    "volume_threshold": 1.2,
    "min_score": 65
  },
  "test_results_summary": {
    "total_return": -0.08091945134753545,
    "max_drawdown": -0.31436901053779176,
    "sharpe_ratio": -0.06880298725586476,
    "total_trades": 176,
    "win_rate": 0.5056818181818182
  }
}