{
  "timestamp": "20250721_110551",
  "best_parameters": {
    "fast_ma_period": 5,
    "slow_ma_period": 18,
    "rsi_period": 7,
    "rsi_oversold": 20,
    "rsi_overbought": 75,
    "take_profit_pct": 0.015,
    "stop_loss_pct": 0.01,
    "volume_threshold": 1.3,
    "min_score": 65
  },
  "test_results_summary": {
    "total_return": 0.03520984632037738,
    "max_drawdown": -0.23384710661678598,
    "sharpe_ratio": 0.08185136584082174,
    "total_trades": 172,
    "win_rate": 0.5232558139534884
  }
}