{
  "timestamp": "20250721_103653",
  "best_parameters": {
    "fast_ma_period": 3,
    "slow_ma_period": 10,
    "rsi_period": 5,
    "rsi_oversold": 15,
    "rsi_overbought": 85,
    "take_profit_pct": 0.005,
    "stop_loss_pct": 0.003,
    "volume_threshold": 1.2,
    "min_score": 60
  },
  "test_results_summary": {
    "total_return": -0.6657167304641554,
    "max_drawdown": -0.6754815938851977,
    "sharpe_ratio": -1.4923069635524204,
    "total_trades": 467,
    "win_rate": 0.4603854389721627
  }
}