{
  "timestamp": "20250721_085238",
  "best_parameters": {
    "fast_ma_period": 15,
    "slow_ma_period": 21,
    "rsi_period": 14,
    "rsi_oversold": 30,
    "rsi_overbought": 70,
    "take_profit_pct": 0.025,
    "stop_loss_pct": 0.02,
    "volume_threshold": 1.1,
    "min_score": 70
  },
  "test_results_summary": {
    "total_return": 0.16965861624237247,
    "max_drawdown": -0.2120594394303439,
    "sharpe_ratio": 0.22260256313333893,
    "total_trades": 91,
    "win_rate": 0.5384615384615384
  }
}