{
  "timestamp": "20250721_124425",
  "best_parameters": {
    "fast_ma_period": 12,
    "slow_ma_period": 21,
    "rsi_period": 14,
    "rsi_oversold": 25,
    "rsi_overbought": 75,
    "take_profit_pct": 0.02,
    "stop_loss_pct": 0.015,
    "volume_threshold": 1.1,
    "min_score": 50
  },
  "test_results_summary": {
    "total_return": -0.005744643193047239,
    "max_drawdown": -0.3306097430429778,
    "sharpe_ratio": 0.04202047900012385,
    "total_trades": 189,
    "win_rate": 0.544973544973545
  }
}