{
  "timestamp": "20250721_105541",
  "best_parameters": {
    "fast_ma_period": 7,
    "slow_ma_period": 18,
    "rsi_period": 7,
    "rsi_oversold": 25,
    "rsi_overbought": 75,
    "take_profit_pct": 0.015,
    "stop_loss_pct": 0.01,
    "volume_threshold": 1.4,
    "min_score": 65
  },
  "test_results_summary": {
    "total_return": 0.023259930139661832,
    "max_drawdown": -0.24199681221254976,
    "sharpe_ratio": 0.06660310984125056,
    "total_trades": 171,
    "win_rate": 0.52046783625731
  }
}