{
  "timestamp": "20250721_110132",
  "best_parameters": {
    "fast_ma_period": 9,
    "slow_ma_period": 15,
    "rsi_period": 7,
    "rsi_oversold": 20,
    "rsi_overbought": 80,
    "take_profit_pct": 0.015,
    "stop_loss_pct": 0.01,
    "volume_threshold": 1.2,
    "min_score": 65
  },
  "test_results_summary": {
    "total_return": -0.09090424627554597,
    "max_drawdown": -0.31081356228322415,
    "sharpe_ratio": -0.08241643025575278,
    "total_trades": 177,
    "win_rate": 0.5028248587570622
  }
}