{
  "timestamp": "20250721_124808",
  "best_parameters": {
    "fast_ma_period": 9,
    "slow_ma_period": 30,
    "rsi_period": 14,
    "rsi_oversold": 25,
    "rsi_overbought": 70,
    "take_profit_pct": 0.02,
    "stop_loss_pct": 0.015,
    "volume_threshold": 1.1,
    "min_score": 50
  },
  "test_results_summary": {
    "total_return": -0.015580422396723463,
    "max_drawdown": -0.32420916257469473,
    "sharpe_ratio": 0.03186968723428803,
    "total_trades": 193,
    "win_rate": 0.5492227979274611
  }
}