{
  "timestamp": "20250721_123759",
  "best_parameters": {
    "fast_ma_period": 14,
    "slow_ma_period": 30,
    "rsi_period": 14,
    "rsi_oversold": 25,
    "rsi_overbought": 70,
    "take_profit_pct": 0.02,
    "stop_loss_pct": 0.015,
    "volume_threshold": 1.0,
    "min_score": 50
  },
  "test_results_summary": {
    "total_return": 0.02632080453462265,
    "max_drawdown": -0.31983075958902923,
    "sharpe_ratio": 0.07378746181623962,
    "total_trades": 193,
    "win_rate": 0.5544041450777202
  }
}