{
  "timestamp": "20250721_110447",
  "best_parameters": {
    "fast_ma_period": 7,
    "slow_ma_period": 12,
    "rsi_period": 7,
    "rsi_oversold": 25,
    "rsi_overbought": 80,
    "take_profit_pct": 0.015,
    "stop_loss_pct": 0.01,
    "volume_threshold": 1.3,
    "min_score": 65
  },
  "test_results_summary": {
    "total_return": 0.011911177284190444,
    "max_drawdown": -0.2585706598767122,
    "sharpe_ratio": 0.05241537477310438,
    "total_trades": 173,
    "win_rate": 0.5202312138728323
  }
}