{
  "timestamp": "20250721_091955",
  "statistics": {
    "mean_return": -0.0009939208683520744,
    "median_return": -0.0009955850346257647,
    "std_return": 0.00018082386712218036,
    "min_return": -0.0015704151429456032,
    "max_return": -0.0004451213308922888,
    "skewness": -0.030278018929540844,
    "kurtosis": -0.07867812444725297,
    "percentile_5": -0.0012865972207237882,
    "percentile_10": -0.001220012624987703,
    "percentile_25": -0.0011152178454757631,
    "percentile_75": -0.000870359908894352,
    "percentile_90": -0.0007630515697531883,
    "percentile_95": -0.0007036523228607439,
    "var_95": -0.0012865972207237882,
    "var_99": -0.0014166242695394723,
    "cvar_95": -0.0013682413360083592,
    "cvar_99": -0.0014834550998410851,
    "probability_profit": 0.0,
    "probability_loss_5pct": 0.0,
    "probability_loss_10pct": 0.0,
    "probability_loss_20pct": 0.0,
    "probability_gain_10pct": 0.0,
    "probability_gain_20pct": 0.0,
    "probability_gain_50pct": 0.0,
    "mean_drawdown": -0.001145291599147231,
    "worst_drawdown": -0.0017217199712943189,
    "std_drawdown": 0.00017558141209883128,
    "probability_drawdown_20pct": 0.0,
    "probability_drawdown_30pct": 0.0,
    "mean_sharpe": -0.5654141421818588,
    "median_sharpe": -0.5660291250564218,
    "std_sharpe": 0.10112360123367109,
    "probability_positive_sharpe": 0.0,
    "probability_sharpe_above_1": 0.0,
    "mean_total_trades": 374.096,
    "mean_win_rate": 0.37610070046148875,
    "mean_profit_factor": 0.6464018177026324,
    "mean_expectancy": -0.02657017401167883,
    "return_stability": 0.8180701574140533,
    "coefficient_of_variation": 0.18192984258594672,
    "return_to_risk_ratio": -5.496624334886582,
    "downside_deviation": 0.00018082386712218036,
    "sortino_ratio": -5.496624334886582,
    "total_simulations": 1000,
    "valid_simulations": 1000,
    "simulation_success_rate": 1.0
  }
}