{
  "timestamp": "20250721_085344",
  "consistency_metrics": {
    "avg_return": -0.013644532820705761,
    "std_return": 0.179506412818628,
    "min_return": -0.2097153137910138,
    "max_return": 0.2254256975258939,
    "median_return": -0.03514425750885157,
    "positive_periods": "1",
    "total_periods": 4,
    "consistency_ratio": 0.25,
    "return_stability": 0,
    "avg_sharpe": -0.11956582473034372,
    "std_sharpe": 0.8387693616851818,
    "min_sharpe": -1.0298543736825865,
    "max_sharpe": 1.0001821698345301,
    "avg_drawdown": -0.12329880235052854,
    "worst_drawdown": -0.21874134880816737,
    "std_drawdown": 0.0647128518706124,
    "avg_return_degradation": 0.024467511134692047,
    "avg_sharpe_degradation": -0.03389870552780899,
    "worst_return_degradation": -0.29424550374092867,
    "parameter_stability": {
      "fast_ma_period": 0.0,
      "slow_ma_period": 0.0,
      "rsi_period": 0.5,
      "rsi_oversold": 0.25,
      "rsi_overbought": 0.5,
      "take_profit_pct": 0.25,
      "stop_loss_pct": 0.25,
      "volume_threshold": 0.25,
      "min_score": 0.25
    },
    "avg_parameter_stability": 0.25,
    "overall_grade": "D (Muito Ruim)"
  }
}